Workbook

Sheet Sheet1
A1: 定点编号 | B1: 定点名称 | C1: 邮箱 | D1: 别名
A2: H22030200035 | B2: 四平市妇幼保健计划生育服务中心(四平市妇幼保健院) | C2: spfbyckk@163.com
A3: H22030200036 | B3: 四平市传染病医院 | C3: spcrybk@163.com
A4: H22030200042 | B4: 四平诺雅口腔医院 | C4: mmmmmmmmmnm@foxmail.com
A5: H22030200043 | B5: 四平市妇婴医院 | C5: 109990823@qq.com
A6: H22030200047 | B6: 四平市第四人民医院 | C6: dsyyybk2024@163.com
A7: H22030200048 | B7: 永捷四平市骨伤医院有限公司 | C7: 986380152@qq.com
A8: H22030200051 | B8: 吉林省神经精神病医院 | C8: 413030805@qq.com
A9: H22030200060 | B9: 四平市中西医结合医院 | C9: 475854919@qq.com
A10: H22030200069 | B10: 四平市中心人民医院 | C10: 602453045@qq.com
A11: H22030200078 | B11: 四平吉奥脑病医院 | C11: janbybk3269733@163.com
A12: H22030200098 | B12: 四平吉平泌尿肛肠病医院 | C12: 136171275@qq.com
A13: H22030200139 | B13: 四平市神农医院有限公司 | C13: 906618266@qq.com
... A61: H22030200033 | B61: 四平华正眼科医院有限公司 | C61: 1244763985@qq.com

Sheet 分类学
A1: 医院俗名 | B1: 排序用名 | C1: 医院正名 | D1: 正名是否在sheet1存在
A2: 四平爱尔眼科医院 | B2: 爱尔眼科医院 | C2: 四平爱尔眼科医院有限公司 | D2: =IFERROR(VLOOKUP(C2,Sheet1!B:B,1,0),"不存在") -> 四平爱尔眼科医院有限公司
A3: 四平爱尔眼科医院有限公司 | B3: 爱尔眼科医院有限公司 | C3: 四平爱尔眼科医院有限公司 | D3: =IFERROR(VLOOKUP(C3,Sheet1!B:B,1,0),"不存在") -> 四平爱尔眼科医院有限公司
A4: 四平市传染病医院 | B4: 传染病医院 | C4: 四平市传染病医院 | D4: =IFERROR(VLOOKUP(C4,Sheet1!B:B,1,0),"不存在") -> 四平市传染病医院
A5: 四平市第四人民医院 | B5: 第四人民医院 | C5: 四平市第四人民医院 | D5: =IFERROR(VLOOKUP(C5,Sheet1!B:B,1,0),"不存在") -> 四平市第四人民医院
A6: 第四人民医院 | B6: 第四人民医院 | C6: 四平市第四人民医院 | D6: =IFERROR(VLOOKUP(C6,Sheet1!B:B,1,0),"不存在") -> 四平市第四人民医院
A7: 四平市第一人民医院 | B7: 第一人民医院 | C7: 四平市第一人民医院 | D7: =IFERROR(VLOOKUP(C7,Sheet1!B:B,1,0),"不存在") -> 四平市第一人民医院
A8: 四平东拓华肾病医院 | B8: 东拓华肾病医院 | C8: 四平东拓华肾病医院 | D8: =IFERROR(VLOOKUP(C8,Sheet1!B:B,1,0),"不存在") -> 四平东拓华肾病医院
A9: 四平东拓华肾病医院有限公司 | B9: 东拓华肾病医院有限公司 | C9: 四平东拓华肾病医院 | D9: =IFERROR(VLOOKUP(C9,Sheet1!B:B,1,0),"不存在") -> 四平东拓华肾病医院
A10: 四平辅济康复医疗中心 | B10: 辅济康复医疗中心 | C10: 四平辅济康复医疗中心 | D10: =IFERROR(VLOOKUP(C10,Sheet1!B:B,1,0),"不存在") -> 四平辅济康复医疗中心
A11: 四平市妇婴医院 | B11: 妇婴医院 | C11: 四平市妇婴医院 | D11: =IFERROR(VLOOKUP(C11,Sheet1!B:B,1,0),"不存在") -> 四平市妇婴医院
A12: 四平市妇幼保健计划生育服务中心（四平市妇幼保健院） | B12: 妇幼保健计划生育服务中心（妇幼保健院） | C12: 四平市妇幼保健计划生育服务中心(四平市妇幼保健院) | D12: =IFERROR(VLOOKUP(C12,Sheet1!B:B,1,0),"不存在") -> 四平市妇幼保健计划生育服务中心(四平市妇幼保健院)
A13: 四平华大中医医院 | B13: 华大中医医院 | C13: 四平华大中医医院有限公司 | D13: =IFERROR(VLOOKUP(C13,Sheet1!B:B,1,0),"不存在") -> 四平华大中医医院有限公司
... A95: 四平市资生康复医院有限公司 | B95: 资生康复医院有限公司 | C95: 四平资生康复医院 | D95: =IFERROR(VLOOKUP(C95,Sheet1!B:B,1,0),"不存在") -> 四平资生康复医院
